,microtopic
0,Activism
1,Living with ADHD
2,Antiracism
3,Managing Anxiety
4,Human Behavior
5,Biography
6,Brain Science
7,Budgeting
8,Overcoming Burnout
9,Business Strategies
10,Business Strategy
11,Celebrity Biography
12,Child Development
13,Raising Confident Kids
14,Civil Rights
15,Climate Change
16,Protecting Our Planet
17,Cognitive Science
18,Communication Skills
19,Communication
20,Building Confidence
21,Resolving Conflict
22,Consumer Behavior
23,Courage
24,Creativity
25,Critical Thinking
26,Culture & Society
27,Cultural History
28,Exploring Cultures
29,Cultural Studies
30,Daily Success Habits
31,Dating Advice
32,The Psychology of Love
33,Decision Making
34,Decision-Making
35,Diet & Health
36,Digital Detox
37,Health & Longevity
38,Economics
39,Education
40,Efficiency
41,Emotional Intelligence
42,Managing Emotions
43,Empathy
44,Empowerment
45,Entrepreneurship
46,Family Culture
47,Family Life
48,Feminism
49,Financial Management
50,Financial Psychology
51,Fitness and Nutrition
52,Food Industry
53,Technology & the Future
54,Gender Studies
55,Geopolitics
56,Reaching Goals
57,Healing
58,Health and Wellness
59,Health Science
60,Health
61,Understanding History
62,History
63,Hope
64,Humor
65,Innovation
66,Inspiration
67,Living with Purpose 
68,Impact of the Internet
69,Interpersonal Skills
70,Intimacy
71,Investment Strategies
72,Racial & Social Justice
73,Leadership Skills
74,Learning to Learn
75,LGBTQIA+ Perspectives
76,Life Lessons
77,Life Purpose
78,Lifestyle
79,Love Life
80,Manifesting Dreams
81,Marketing Strategies
82,Marketing
83,Marriage
84,Media Influence
85,Mental Resilience
86,Military Strategy
87,Expanding Your Mind
88,Mindfulness
89,Mindset for Success 
90,Minimalism
91,Modern Art
92,Motivation
93,Motivation
94,Real-Life Stories
95,Natural World
96,Nature & Environment
97,Negotiation Skills
98,Networking
99,Neuroscience
100,Nutrition Science
101,Online Business
102,Pain Relief
103,Parenting Guide
104,Personal Finance
105,Personal Growth
106,Personal Experiences
107,Persuasion
108,Philosophy
109,Science of Pleasure
110,Political Memoirs
111,Political Science
112,Problem Solving
113,Problem-Solving
114,Professional Development
115,Professional Success
116,Human Nature
117,Applied Psychology
118,Psychological Tactics
119,Psychology
120,Health & Society
121,Policy & Society
122,Relationship Advice
123,Relationship Strengthening
124,Relationships
125,Risk Management
126,Sales & Influence
127,Science
128,Self-Care
129,Building Self-Esteem
130,Self-Reflection
131,Science of Sex
132,Side Hustle
133,Simple Living 
134,Skill Development
135,Sleep Science
136,Social Change
137,Social Justice
138,Impact of Social Media
139,Social Skills
140,Society
141,Spiritual Growth
142,Spirituality
143,Sports & Success
144,Startup
145,Stress and the Body
146,Stories of Resilience
147,Sustainability
148,Team Dynamics
149,Team Leadership
150,Dangers of Tech
151,Tech & Design
152,Technology
153,Time Management
154,True Crime
155,Science of the Universe
156,Healthy Diet 
157,Wellness
158,Women and War
159,Women’s Biography
160,Women’s Biography
161,Women’s Health
162,Women’s Leadership
163,Women’s Leadership
164,Work-Life Balance
165,Workplace Culture
